Game,New,Old
4,Aideen,Adean
4,Ares,Aless
4,Altena,Altenna
4,Beowulf,Beowolf
4,Bridget,Briggid
4,Seliph,Celice
4,Cairpre,Corpul
4,Quan,Cuan
4,Dermott,Delmud
4,Deirdre,Diadora
4,Ethlyn,Ethlin
4,Finn,Fin
4,Erin,Fury
4,Hawke,Hawk
4,Ayra,Ira
4,Jamke,Jamka
4,Jeanne,Janne
4,Johalvier,Johalva
4,Raquesis,Lachesis
4,Larcei,Lakche
4,Leylia,Laylea
4,Leif,Leaf
4,Lene,Leen
4,Lewyn,Levin
4,Midir,Midayle
4,Lana,Rana
4,Rodolbahn,Roddlevan
4,Ced,Sety
4,Ulster,Skasaher
4,Taillte,Tiltyu
4,Tinni,Tinny
4,Julia,Yuria
5,Asbel,Asvel
5,Conomor,Conomore
5,Saias,Cyas
5,Dagdar,Dagda
5,Dermott,Delmud
5,Eyvel,Evayle
5,Ilios,Eyrios
5,Fergus,Felgus
5,Finn,Fin
5,Homer,Homeros
5,Kane,Kein
5,Leif,Leaf
5,Orsin,Othin
5,Pan,Pahn
5,Ralf,Ralph
5,Lifis,Rifis
5,Safiya,Safy
5,Ced,Sety
5,Tanya,Tania
5,Troude,Trewd
6,Astore,Astohl
6,Brunja,Brunya
6,Deke,Dieck
6,Elen,Ellen
6,Fae,Fa
6,Guinivere,Guinevere
6,Klain,Klein
6,Lot,Lott
6,Milady,Miredy
6,Murdock,Murdoch
6,Narcian,Narshen
6,Ogier,Oujay
6,Perceval,Percival
6,Raigh,Ray
6,Sophia,Sofiya
6,Shanna,Thany
6,Yoder,Yodel
6,Jerrot,Zealot
6,Zeiss,Zeis
